t_s,pura_cmH2O,pura_min_cmH2O,pura_max_cmH2O,x_px,y_px
-4.0997,45.21,2.78,86.11,2.00,228.73
-3.9590,48.12,5.56,88.89,3.00,227.68
-3.8184,85.15,83.33,88.89,4.00,214.35
-3.6777,84.61,83.33,86.11,5.00,214.54
-3.5370,84.07,83.33,86.11,6.00,214.73
-3.3964,84.14,83.33,86.11,7.00,214.71
-3.2557,85.58,83.33,86.11,8.00,214.19
-3.1151,84.80,83.33,86.11,9.00,214.47
-2.9744,84.30,83.33,86.11,10.00,214.65
-2.8337,84.72,83.33,86.11,11.00,214.50
-2.6931,84.72,83.33,86.11,12.00,214.50
-2.5524,84.46,83.33,86.11,13.00,214.59
-2.4117,84.07,83.33,86.11,14.00,214.73
-2.2711,84.50,83.33,86.11,15.00,214.58
-2.1304,85.58,83.33,86.11,16.00,214.19
-1.9897,85.58,83.33,86.11,17.00,214.19
-1.8491,85.03,83.33,86.11,18.00,214.39
-1.7084,84.13,83.33,86.11,19.00,214.71
-1.5678,84.07,83.33,86.11,20.00,214.73
-1.4271,84.07,83.33,86.11,21.00,214.73
-1.2864,85.39,83.33,86.11,22.00,214.26
-1.1458,84.42,83.33,86.11,23.00,214.61
-1.0051,84.07,83.33,86.11,24.00,214.73
-0.8644,84.07,83.33,86.11,25.00,214.73
-0.7238,84.07,83.33,86.11,26.00,214.73
-0.5831,84.07,83.33,86.11,27.00,214.73
-0.4425,84.51,83.33,86.11,28.00,214.58
-0.3018,84.72,83.33,86.11,29.00,214.50
-0.1611,85.58,83.33,86.11,30.00,214.19
-0.0205,84.83,83.33,86.11,31.00,214.46
0.1202,84.62,83.33,86.11,32.00,214.54
0.2609,84.07,83.33,86.11,33.00,214.73
0.4015,85.55,83.33,86.11,34.00,214.20
0.5422,84.72,83.33,86.11,35.00,214.50
0.6828,84.21,83.33,86.11,36.00,214.68
0.8235,84.07,83.33,86.11,37.00,214.73
0.9642,84.07,83.33,86.11,38.00,214.73
1.1048,84.72,83.33,86.11,39.00,214.50
1.2455,88.74,83.33,94.44,40.00,213.05
1.3862,95.36,88.89,100.00,41.00,210.67
1.5268,100.30,94.44,108.33,42.00,208.89
1.6675,109.26,100.00,116.67,43.00,205.66
1.8081,114.85,111.11,119.44,44.00,203.65
1.9488,118.46,116.67,119.44,45.00,202.36
2.0895,122.15,119.44,125.00,46.00,201.02
2.2301,123.83,119.44,127.78,47.00,200.42
2.3708,122.53,119.44,125.00,48.00,200.89
2.5115,122.42,119.44,125.00,49.00,200.93
2.6521,123.30,119.44,125.00,50.00,200.61
2.7928,124.22,122.22,127.78,51.00,200.28
2.9335,123.39,122.22,125.00,52.00,200.58
3.0741,122.61,119.44,125.00,53.00,200.86
3.2148,121.28,119.44,122.22,54.00,201.34
3.3554,121.88,119.44,125.00,55.00,201.12
3.4961,121.28,119.44,122.22,56.00,201.34
3.6368,122.08,119.44,125.00,57.00,201.05
3.7774,119.67,116.67,122.22,58.00,201.92
3.9181,117.69,116.67,119.44,59.00,202.63
4.0588,117.02,113.89,119.44,60.00,202.87
4.1994,115.44,113.89,116.67,61.00,203.44
4.3401,115.33,113.89,116.67,62.00,203.48
4.4807,112.91,111.11,116.67,63.00,204.35
4.6214,111.97,108.33,113.89,64.00,204.69
4.7621,109.66,108.33,111.11,65.00,205.52
4.9027,110.34,108.33,113.89,66.00,205.28
5.0434,109.06,105.56,111.11,67.00,205.74
5.1841,108.61,105.56,111.11,68.00,205.90
5.3247,108.24,102.78,111.11,69.00,206.03
5.4654,99.59,86.11,111.11,70.00,209.15
5.6060,88.69,77.78,100.00,71.00,213.07
5.7467,78.80,75.00,83.33,72.00,216.63
5.8874,75.12,72.22,77.78,73.00,217.96
6.0280,74.45,72.22,77.78,74.00,218.20
6.1687,73.94,72.22,75.00,75.00,218.38
6.3094,73.94,72.22,75.00,76.00,218.38
6.4500,74.52,72.22,77.78,77.00,218.17
6.5907,73.94,72.22,75.00,78.00,218.38
6.7313,72.91,69.44,75.00,79.00,218.75
6.8720,71.75,69.44,72.22,80.00,219.17
7.0127,71.75,69.44,72.22,81.00,219.17
7.1533,73.21,69.44,75.00,82.00,218.64
7.2940,73.92,72.22,75.00,83.00,218.39
7.4347,73.80,72.22,75.00,84.00,218.43
7.5753,73.21,69.44,75.00,85.00,218.64
7.7160,73.21,69.44,75.00,86.00,218.64
7.8567,72.59,69.44,75.00,87.00,218.87
7.9973,71.75,69.44,72.22,88.00,219.17
8.1380,72.54,69.44,75.00,89.00,218.89
8.2786,73.86,72.22,75.00,90.00,218.41
8.4193,73.94,72.22,75.00,91.00,218.38
8.5600,73.94,72.22,75.00,92.00,218.38
8.7006,74.94,72.22,77.78,93.00,218.02
8.8413,72.79,69.44,75.00,94.00,218.79
8.9820,71.75,69.44,72.22,95.00,219.17
9.1226,74.78,72.22,77.78,96.00,218.08
9.2633,73.94,72.22,75.00,97.00,218.38
9.4039,73.94,72.22,75.00,98.00,218.38
9.5446,74.96,72.22,77.78,99.00,218.01
9.6853,73.94,72.22,75.00,100.00,218.38
9.8259,73.94,72.22,75.00,101.00,218.38
9.9666,74.40,72.22,77.78,102.00,218.22
10.1073,74.90,72.22,77.78,103.00,218.04
10.2479,74.95,72.22,77.78,104.00,218.02
10.3886,76.02,75.00,77.78,105.00,217.63
10.5292,76.02,75.00,77.78,106.00,217.63
10.6699,76.02,75.00,77.78,107.00,217.63
10.8106,76.02,75.00,77.78,108.00,217.63
10.9512,75.52,72.22,77.78,109.00,217.81
11.0919,73.89,72.22,75.00,110.00,218.40
11.2326,76.02,75.00,77.78,111.00,217.63
11.3732,76.02,75.00,77.78,112.00,217.63
11.5139,76.02,75.00,77.78,113.00,217.63
11.6545,76.02,75.00,77.78,114.00,217.63
11.7952,74.99,72.22,77.78,115.00,218.00
11.9359,74.61,72.22,77.78,116.00,218.14
12.0765,76.18,75.00,77.78,117.00,217.57
12.2172,76.10,75.00,77.78,118.00,217.60
12.3579,76.19,75.00,77.78,119.00,217.57
12.4985,76.02,75.00,77.78,120.00,217.63
12.6392,76.72,75.00,80.56,121.00,217.38
12.7799,76.10,75.00,77.78,122.00,217.60
12.9205,76.17,75.00,77.78,123.00,217.58
13.0612,76.33,75.00,77.78,124.00,217.52
13.2018,76.71,75.00,80.56,125.00,217.39
13.3425,76.20,75.00,77.78,126.00,217.57
13.4832,77.78,75.00,80.56,127.00,217.00
13.6238,78.50,75.00,80.56,128.00,216.74
13.7645,76.17,75.00,77.78,129.00,217.58
13.9052,76.09,75.00,77.78,130.00,217.61
14.0458,76.74,75.00,77.78,131.00,217.37
14.1865,76.02,75.00,77.78,132.00,217.63
14.3271,76.37,75.00,77.78,133.00,217.51
14.4678,78.96,77.78,80.56,134.00,216.57
14.6085,78.19,77.78,80.56,135.00,216.85
14.7491,76.72,75.00,80.56,136.00,217.38
14.8898,76.06,75.00,77.78,137.00,217.62
15.0305,77.78,77.78,77.78,138.00,217.00
15.1711,76.30,75.00,77.78,139.00,217.53
15.3118,78.19,77.78,80.56,140.00,216.85
15.4524,78.19,77.78,80.56,141.00,216.85
15.5931,76.77,75.00,80.56,142.00,217.36
15.7338,76.72,75.00,80.56,143.00,217.38
15.8744,76.72,75.00,80.56,144.00,217.38
16.0151,78.19,77.78,80.56,145.00,216.85
16.1558,78.19,77.78,80.56,146.00,216.85
16.2964,78.19,77.78,80.56,147.00,216.85
16.4371,78.19,77.78,80.56,148.00,216.85
16.5777,79.03,77.78,80.56,149.00,216.55
16.7184,77.71,75.00,80.56,150.00,217.02
16.8591,76.19,75.00,77.78,151.00,217.57
16.9997,78.19,77.78,80.56,152.00,216.85
17.1404,78.72,77.78,80.56,153.00,216.66
17.2811,79.17,77.78,80.56,154.00,216.50
17.4217,78.51,77.78,80.56,155.00,216.73
17.5624,79.48,77.78,80.56,156.00,216.39
17.7031,79.14,77.78,80.56,157.00,216.51
17.8437,78.19,77.78,80.56,158.00,216.85
17.9844,78.19,77.78,80.56,159.00,216.85
18.1250,79.00,77.78,80.56,160.00,216.56
18.2657,78.19,77.78,80.56,161.00,216.85
18.4064,79.73,77.78,80.56,162.00,216.30
18.5470,79.73,77.78,80.56,163.00,216.30
18.6877,79.73,77.78,80.56,164.00,216.30
18.8284,78.97,77.78,80.56,165.00,216.57
18.9690,78.19,77.78,80.56,166.00,216.85
19.1097,78.35,77.78,80.56,167.00,216.79
19.2503,79.17,77.78,80.56,168.00,216.50
19.3910,79.17,77.78,80.56,169.00,216.50
19.5317,79.17,77.78,80.56,170.00,216.50
19.6723,79.17,77.78,80.56,171.00,216.50
19.8130,79.08,77.78,80.56,172.00,216.53
19.9537,78.19,77.78,80.56,173.00,216.85
20.0943,79.67,77.78,80.56,174.00,216.32
20.2350,79.73,77.78,80.56,175.00,216.30
20.3756,79.73,77.78,80.56,176.00,216.30
20.5163,79.73,77.78,80.56,177.00,216.30
20.6570,79.36,77.78,80.56,178.00,216.43
20.7976,79.17,77.78,80.56,179.00,216.50
20.9383,78.19,77.78,80.56,180.00,216.85
21.0790,79.46,77.78,80.56,181.00,216.39
21.2196,79.73,77.78,80.56,182.00,216.30
21.3603,79.73,77.78,80.56,183.00,216.30
21.5009,79.73,77.78,80.56,184.00,216.30
21.6416,79.44,77.78,80.56,185.00,216.40
21.7823,78.44,77.78,80.56,186.00,216.76
21.9229,79.17,77.78,80.56,187.00,216.50
22.0636,79.17,77.78,80.56,188.00,216.50
22.2043,79.17,77.78,80.56,189.00,216.50
22.3449,79.17,77.78,80.56,190.00,216.50
22.4856,79.63,77.78,80.56,191.00,216.33
22.6263,79.54,77.78,80.56,192.00,216.37
22.7669,79.17,77.78,80.56,193.00,216.50
22.9076,78.19,77.78,80.56,194.00,216.85
23.0482,78.19,77.78,80.56,195.00,216.85
23.1889,79.60,77.78,80.56,196.00,216.35
23.3296,79.73,77.78,80.56,197.00,216.30
23.4702,79.29,77.78,80.56,198.00,216.45
23.6109,78.37,77.78,80.56,199.00,216.79
23.7516,79.17,77.78,80.56,200.00,216.50
23.8922,78.30,77.78,80.56,201.00,216.81
24.0329,78.77,77.78,80.56,202.00,216.64
24.1735,79.73,77.78,80.56,203.00,216.30
24.3142,79.62,77.78,80.56,204.00,216.34
24.4549,79.17,77.78,80.56,205.00,216.50
24.5955,78.25,77.78,80.56,206.00,216.83
24.7362,78.19,77.78,80.56,207.00,216.85
24.8769,78.19,77.78,80.56,208.00,216.85
25.0175,78.45,77.78,80.56,209.00,216.76
25.1582,79.45,77.78,80.56,210.00,216.40
25.2988,79.73,77.78,80.56,211.00,216.30
25.4395,79.73,77.78,80.56,212.00,216.30
25.5802,79.25,77.78,80.56,213.00,216.47
25.7208,78.19,77.78,80.56,214.00,216.85
25.8615,78.19,77.78,80.56,215.00,216.85
26.0022,79.15,77.78,80.56,216.00,216.51
26.1428,78.19,77.78,80.56,217.00,216.85
26.2835,79.07,77.78,80.56,218.00,216.54
26.4241,78.54,77.78,80.56,219.00,216.73
26.5648,78.65,77.78,80.56,220.00,216.69
26.7055,76.72,75.00,80.56,221.00,217.38
26.8461,77.19,75.00,80.56,222.00,217.21
26.9868,78.19,77.78,80.56,223.00,216.85
27.1275,78.19,77.78,80.56,224.00,216.85
27.2681,78.96,77.78,80.56,225.00,216.57
27.4088,78.19,77.78,80.56,226.00,216.85
27.5495,76.22,75.00,77.78,227.00,217.56
27.6901,76.36,75.00,77.78,228.00,217.51
27.8308,76.72,75.00,80.56,229.00,217.38
27.9714,78.19,77.78,80.56,230.00,216.85
28.1121,79.09,77.78,80.56,231.00,216.53
28.2528,78.83,77.78,80.56,232.00,216.62
28.3934,78.28,77.78,80.56,233.00,216.82
28.5341,78.19,77.78,80.56,234.00,216.85
28.6748,76.94,75.00,80.56,235.00,217.30
28.8154,76.72,75.00,80.56,236.00,217.38
28.9561,78.86,77.78,80.56,237.00,216.61
29.0967,79.17,77.78,80.56,238.00,216.50
29.2374,78.91,77.78,80.56,239.00,216.59
29.3781,78.19,77.78,80.56,240.00,216.85
29.5187,76.72,75.00,80.56,241.00,217.38
29.6594,76.19,75.00,77.78,242.00,217.57
29.8001,76.73,75.00,80.56,243.00,217.38
29.9407,79.35,77.78,80.56,244.00,216.43
30.0814,79.24,77.78,80.56,245.00,216.47
30.2220,78.19,77.78,80.56,246.00,216.85
30.3627,78.92,77.78,80.56,247.00,216.59
30.5034,78.19,77.78,80.56,248.00,216.85
30.6440,76.72,75.00,80.56,249.00,217.38
30.7847,76.72,75.00,80.56,250.00,217.38
30.9254,78.55,77.78,80.56,251.00,216.72
31.0660,79.17,77.78,80.56,252.00,216.50
31.2067,79.17,77.78,80.56,253.00,216.50
31.3473,78.82,77.78,80.56,254.00,216.62
31.4880,76.81,75.00,80.56,255.00,217.35
31.6287,76.98,75.00,80.56,256.00,217.29
31.7693,78.19,77.78,80.56,257.00,216.85
31.9100,79.21,77.78,80.56,258.00,216.48
32.0507,79.73,77.78,80.56,259.00,216.30
32.1913,79.20,77.78,80.56,260.00,216.49
32.3320,78.19,77.78,80.56,261.00,216.85
32.4727,78.19,77.78,80.56,262.00,216.85
32.6133,76.35,75.00,77.78,263.00,217.52
32.7540,76.24,75.00,77.78,264.00,217.55
32.8946,76.72,75.00,80.56,265.00,217.38
33.0353,79.17,77.78,80.56,266.00,216.50
33.1760,78.52,77.78,80.56,267.00,216.73
33.3166,78.19,77.78,80.56,268.00,216.85
33.4573,77.13,75.00,80.56,269.00,217.23
33.5980,76.02,75.00,77.78,270.00,217.63
33.7386,76.19,75.00,77.78,271.00,217.57
33.8793,77.69,75.00,80.56,272.00,217.03
34.0199,78.48,77.78,80.56,273.00,216.75
34.1606,78.70,77.78,80.56,274.00,216.67
34.3013,78.19,77.78,80.56,275.00,216.85
34.4419,78.19,77.78,80.56,276.00,216.85
34.5826,78.19,77.78,80.56,277.00,216.85
34.7233,76.72,75.00,80.56,278.00,217.38
34.8639,76.72,75.00,80.56,279.00,217.38
35.0046,79.19,77.78,80.56,280.00,216.49
35.1452,79.43,77.78,80.56,281.00,216.41
35.2859,77.03,75.00,80.56,282.00,217.27
35.4266,76.35,75.00,77.78,283.00,217.52
35.5672,77.01,75.00,80.56,284.00,217.27
35.7079,76.72,75.00,80.56,285.00,217.38
35.8486,77.21,75.00,80.56,286.00,217.20
35.9892,78.19,77.78,80.56,287.00,216.85
36.1299,78.97,77.78,80.56,288.00,216.57
36.2705,76.98,75.00,80.56,289.00,217.29
36.4112,76.72,75.00,80.56,290.00,217.38
36.5519,76.22,75.00,77.78,291.00,217.56
36.6925,76.02,75.00,77.78,292.00,217.63
36.8332,77.03,75.00,80.56,293.00,217.27
36.9739,79.00,77.78,80.56,294.00,216.56
37.1145,78.19,77.78,80.56,295.00,216.85
37.2552,78.19,77.78,80.56,296.00,216.85
37.3959,78.19,77.78,80.56,297.00,216.85
37.5365,76.27,75.00,77.78,298.00,217.54
37.6772,77.20,75.00,77.78,299.00,217.21
37.8178,78.45,77.78,80.56,300.00,216.76
37.9585,79.17,77.78,80.56,301.00,216.50
38.0992,79.17,77.78,80.56,302.00,216.50
38.2398,78.46,75.00,80.56,303.00,216.76
38.3805,76.98,75.00,80.56,304.00,217.29
38.5212,76.91,75.00,80.56,305.00,217.31
38.6618,78.19,77.78,80.56,306.00,216.85
38.8025,78.19,77.78,80.56,307.00,216.85
38.9431,78.74,77.78,80.56,308.00,216.65
39.0838,79.17,77.78,80.56,309.00,216.50
39.2245,79.01,77.78,80.56,310.00,216.56
39.3651,78.19,77.78,80.56,311.00,216.85
39.5058,78.19,77.78,80.56,312.00,216.85
39.6465,76.72,75.00,80.56,313.00,217.38
39.7871,76.72,75.00,80.56,314.00,217.38
39.9278,79.17,77.78,80.56,315.00,216.50
40.0684,79.17,77.78,80.56,316.00,216.50
40.2091,78.19,77.78,80.56,317.00,216.85
40.3498,78.19,77.78,80.56,318.00,216.85
40.4904,78.19,77.78,80.56,319.00,216.85
40.6311,78.19,77.78,80.56,320.00,216.85
40.7718,78.19,77.78,80.56,321.00,216.85
40.9124,79.17,77.78,80.56,322.00,216.50
41.0531,79.17,77.78,80.56,323.00,216.50
41.1937,79.69,77.78,80.56,324.00,216.31
41.3344,79.49,77.78,80.56,325.00,216.38
41.4751,78.54,77.78,80.56,326.00,216.73
41.6157,78.19,77.78,80.56,327.00,216.85
41.7564,78.19,77.78,80.56,328.00,216.85
41.8971,79.15,77.78,80.56,329.00,216.51
42.0377,79.34,77.78,80.56,330.00,216.44
42.1784,79.73,77.78,80.56,331.00,216.30
42.3191,79.17,77.78,80.56,332.00,216.50
42.4597,79.17,77.78,80.56,333.00,216.50
42.6004,78.19,77.78,80.56,334.00,216.85
42.7410,78.88,77.78,80.56,335.00,216.60
42.8817,79.05,77.78,80.56,336.00,216.54
43.0224,79.73,77.78,80.56,337.00,216.30
43.1630,79.73,77.78,80.56,338.00,216.30
43.3037,79.17,77.78,80.56,339.00,216.50
43.4444,78.85,77.78,80.56,340.00,216.61
43.5850,79.08,77.78,80.56,341.00,216.53
43.7257,78.55,77.78,80.56,342.00,216.72
43.8663,79.17,77.78,80.56,343.00,216.50
44.0070,79.73,77.78,80.56,344.00,216.30
44.1477,79.73,77.78,80.56,345.00,216.30
44.2883,79.73,77.78,80.56,346.00,216.30
44.4290,78.97,77.78,80.56,347.00,216.57
44.5697,78.19,77.78,80.56,348.00,216.85
44.7103,78.19,77.78,80.56,349.00,216.85
44.8510,78.19,77.78,80.56,350.00,216.85
44.9916,79.12,77.78,80.56,351.00,216.52
45.1323,79.73,77.78,80.56,352.00,216.30
45.2730,79.28,77.78,80.56,353.00,216.46
45.4136,78.19,77.78,80.56,354.00,216.85
45.5543,78.19,77.78,80.56,355.00,216.85
45.6950,78.19,77.78,80.56,356.00,216.85
45.8356,78.19,77.78,80.56,357.00,216.85
45.9763,79.42,77.78,80.56,358.00,216.41
46.1169,81.84,80.56,83.33,359.00,215.54
46.2576,79.17,77.78,80.56,360.00,216.50
46.3983,77.78,77.78,77.78,361.00,217.00
46.5389,77.14,75.00,80.56,362.00,217.23
46.6796,76.08,75.00,77.78,363.00,217.61
46.8203,76.08,75.00,77.78,364.00,217.61
46.9609,77.78,77.78,77.78,365.00,217.00
47.1016,75.97,75.00,77.78,366.00,217.65
47.2423,75.56,72.22,77.78,367.00,217.80
47.3829,74.95,72.22,77.78,368.00,218.02
47.5236,74.49,72.22,77.78,369.00,218.18
47.6642,72.85,72.22,75.00,370.00,218.77
47.8049,73.98,72.22,75.00,371.00,218.37
47.9456,73.57,72.22,75.00,372.00,218.52
48.0862,73.88,72.22,75.00,373.00,218.40
48.2269,71.90,69.44,75.00,374.00,219.12
48.3676,70.83,69.44,72.22,375.00,219.50
48.5082,70.79,69.44,72.22,376.00,219.51
48.6489,70.54,69.44,72.22,377.00,219.60
48.7895,70.24,69.44,72.22,378.00,219.71
48.9302,72.22,72.22,72.22,379.00,219.00
49.0709,73.36,72.22,75.00,380.00,218.59
49.2115,70.83,69.44,72.22,381.00,219.50
49.3522,70.83,69.44,72.22,382.00,219.50
49.4929,70.83,69.44,72.22,383.00,219.50
49.6335,70.14,69.44,72.22,384.00,219.75
49.7742,70.70,69.44,72.22,385.00,219.55
49.9148,73.53,72.22,75.00,386.00,218.53
50.0555,73.58,72.22,75.00,387.00,218.51
50.1962,74.93,72.22,77.78,388.00,218.03
50.3368,73.99,72.22,75.00,389.00,218.37
50.4775,75.97,75.00,77.78,390.00,217.65
50.6182,75.97,75.00,77.78,391.00,217.65
50.7588,74.35,72.22,77.78,392.00,218.23
50.8995,74.95,72.22,77.78,393.00,218.02
51.0401,77.78,77.78,77.78,394.00,217.00
51.1808,76.39,75.00,77.78,395.00,217.50
51.3215,76.08,75.00,77.78,396.00,217.61
51.4621,76.39,75.00,77.78,397.00,217.50
51.6028,75.97,75.00,77.78,398.00,217.65
51.7435,75.97,75.00,77.78,399.00,217.65
51.8841,76.34,75.00,77.78,400.00,217.52
52.0248,77.78,77.78,77.78,401.00,217.00
52.1655,78.91,77.78,80.56,402.00,216.59
52.3061,79.81,77.78,80.56,403.00,216.27
52.4468,79.45,77.78,80.56,404.00,216.40
52.5874,78.25,77.78,80.56,405.00,216.83
52.7281,79.17,77.78,80.56,406.00,216.50
52.8688,79.17,77.78,80.56,407.00,216.50
53.0094,79.17,77.78,80.56,408.00,216.50
53.1501,80.35,77.78,83.33,409.00,216.07
53.2908,81.88,80.56,83.33,410.00,215.52
53.4314,81.88,80.56,83.33,411.00,215.52
53.5721,81.88,80.56,83.33,412.00,215.52
53.7127,81.88,80.56,83.33,413.00,215.52
53.8534,81.88,80.56,83.33,414.00,215.52
53.9941,81.88,80.56,83.33,415.00,215.52
54.1347,81.83,80.56,83.33,416.00,215.54
54.2754,81.94,80.56,83.33,417.00,215.50
54.4161,79.17,77.78,80.56,418.00,216.50
54.5567,78.68,77.78,80.56,419.00,216.67
54.6974,77.78,77.78,77.78,420.00,217.00
54.8380,78.62,77.78,80.56,421.00,216.70
54.9787,79.17,77.78,80.56,422.00,216.50
55.1194,77.78,77.78,77.78,423.00,217.00
55.2600,76.78,75.00,77.78,424.00,217.36
55.4007,75.97,75.00,77.78,425.00,217.65
55.5414,74.95,72.22,77.78,426.00,218.02
55.6820,73.66,72.22,75.00,427.00,218.48
55.8227,72.22,72.22,72.22,428.00,219.00
55.9633,72.22,72.22,72.22,429.00,219.00
56.1040,70.81,69.44,72.22,430.00,219.51
56.2447,69.51,66.67,72.22,431.00,219.98
56.3853,68.18,63.89,72.22,432.00,220.45
56.5260,66.73,63.89,69.44,433.00,220.98
56.6667,65.28,63.89,66.67,434.00,221.50
56.8073,62.51,61.11,63.89,435.00,222.50
56.9480,62.35,61.11,63.89,436.00,222.55
57.0887,62.13,61.11,63.89,437.00,222.63
57.2293,61.16,58.33,63.89,438.00,222.98
57.3700,59.82,58.33,61.11,439.00,223.46
57.5106,56.94,55.56,58.33,440.00,224.50
57.6513,56.03,52.78,58.33,441.00,224.83
57.7920,54.24,52.78,55.56,442.00,225.47
57.9326,54.97,52.78,58.33,443.00,225.21
58.0733,53.50,50.00,55.56,444.00,225.74
58.2140,52.00,50.00,52.78,445.00,226.28
58.3546,50.10,47.22,52.78,446.00,226.96
58.4953,48.32,47.22,50.00,447.00,227.60
58.6359,48.29,47.22,50.00,448.00,227.62
58.7766,47.36,44.44,50.00,449.00,227.95
58.9173,46.29,44.44,47.22,450.00,228.33
59.0579,46.29,44.44,47.22,451.00,228.33
59.1986,45.84,44.44,47.22,452.00,228.50
59.3393,42.87,41.67,44.44,453.00,229.57
59.4799,42.46,41.67,44.44,454.00,229.71
59.6206,41.09,38.89,44.44,455.00,230.21
59.7612,40.40,38.89,41.67,456.00,230.46
59.9019,40.40,38.89,41.67,457.00,230.46
60.0426,39.65,36.11,41.67,458.00,230.72
60.1832,38.31,36.11,38.89,459.00,231.21
60.3239,37.36,36.11,38.89,460.00,231.55
60.4646,35.54,33.33,38.89,461.00,232.21
60.6052,35.12,33.33,38.89,462.00,232.36
60.7459,34.48,33.33,36.11,463.00,232.59
60.8865,34.48,33.33,36.11,464.00,232.59
61.0272,34.48,33.33,36.11,465.00,232.59
61.1679,34.48,33.33,36.11,466.00,232.59
61.3085,33.42,30.56,36.11,467.00,232.97
61.4492,31.49,30.56,33.33,468.00,233.66
61.5899,30.56,30.56,30.56,469.00,234.00
61.7305,30.56,30.56,30.56,470.00,234.00
61.8712,31.70,30.56,33.33,471.00,233.59
62.0119,31.85,30.56,33.33,472.00,233.53
62.1525,30.56,30.56,30.56,473.00,234.00
62.2932,30.56,30.56,30.56,474.00,234.00
62.4338,30.56,30.56,30.56,475.00,234.00
62.5745,29.37,27.78,30.56,476.00,234.43
62.7152,28.62,27.78,30.56,477.00,234.70
62.8558,28.96,27.78,30.56,478.00,234.57
62.9965,30.56,30.56,30.56,479.00,234.00
63.1372,30.56,30.56,30.56,480.00,234.00
63.2778,30.56,30.56,30.56,481.00,234.00
63.4185,30.56,30.56,30.56,482.00,234.00
63.5591,29.52,27.78,30.56,483.00,234.37
63.6998,28.62,27.78,30.56,484.00,234.70
63.8405,28.88,27.78,30.56,485.00,234.60
63.9811,30.08,27.78,30.56,486.00,234.17
64.1218,30.56,30.56,30.56,487.00,234.00
64.2625,30.56,30.56,30.56,488.00,234.00
64.4031,30.56,30.56,30.56,489.00,234.00
64.5438,30.56,30.56,30.56,490.00,234.00
64.6844,30.56,30.56,30.56,491.00,234.00
64.8251,30.56,30.56,30.56,492.00,234.00
64.9658,30.56,30.56,30.56,493.00,234.00
65.1064,31.94,30.56,33.33,494.00,233.50
65.2471,31.94,30.56,33.33,495.00,233.50
65.3878,31.94,30.56,33.33,496.00,233.50
65.5284,30.56,30.56,30.56,497.00,234.00
65.6691,30.56,30.56,30.56,498.00,234.00
65.8097,30.56,30.56,30.56,499.00,234.00
65.9504,32.16,30.56,33.33,500.00,233.42
66.0911,32.45,30.56,33.33,501.00,233.32
66.2317,32.25,30.56,33.33,502.00,233.39
66.3724,31.94,30.56,33.33,503.00,233.50
66.5131,31.99,30.56,33.33,504.00,233.48
66.6537,32.14,30.56,33.33,505.00,233.43
66.7944,30.56,30.56,30.56,506.00,234.00
66.9351,31.65,30.56,33.33,507.00,233.61
67.0757,30.56,30.56,30.56,508.00,234.00
67.2164,30.56,30.56,30.56,509.00,234.00
67.3570,29.54,27.78,30.56,510.00,234.37
67.4977,29.17,27.78,30.56,511.00,234.50
67.6384,27.33,25.00,30.56,512.00,235.16
67.7790,25.88,22.22,27.78,513.00,235.68
67.9197,26.59,25.00,27.78,514.00,235.43
68.0604,26.61,25.00,27.78,515.00,235.42
68.2010,28.62,27.78,30.56,516.00,234.70
68.3417,27.09,25.00,30.56,517.00,235.25
68.4823,25.99,22.22,27.78,518.00,235.64
68.6230,24.49,22.22,25.00,519.00,236.19
68.7637,25.06,22.22,27.78,520.00,235.98
68.9043,24.49,22.22,25.00,521.00,236.19
69.0450,26.41,25.00,27.78,522.00,235.49
69.1857,27.33,25.00,30.56,523.00,235.16
69.3263,27.24,25.00,30.56,524.00,235.19
69.4670,27.16,25.00,30.56,525.00,235.22
69.6076,28.62,27.78,30.56,526.00,234.70
69.7483,28.92,27.78,30.56,527.00,234.59
69.8890,29.17,27.78,30.56,528.00,234.50
70.0296,31.26,30.56,33.33,529.00,233.75
70.1703,32.45,30.56,33.33,530.00,233.32
70.3110,32.45,30.56,33.33,531.00,233.32
70.4516,33.04,30.56,36.11,532.00,233.11
70.5923,32.45,30.56,33.33,533.00,233.32
70.7329,34.48,33.33,36.11,534.00,232.59
70.8736,34.48,33.33,36.11,535.00,232.59
71.0143,36.57,36.11,38.89,536.00,231.84
71.1549,37.19,36.11,38.89,537.00,231.61
71.2956,39.55,36.11,41.67,538.00,230.76
71.4363,40.28,38.89,41.67,539.00,230.50
71.5769,42.46,41.67,44.44,540.00,229.71
71.7176,43.18,41.67,44.44,541.00,229.46
71.8583,46.67,44.44,50.00,542.00,228.20
71.9989,48.30,47.22,50.00,543.00,227.61
72.1396,48.85,47.22,50.00,544.00,227.41
72.2802,50.38,50.00,52.78,545.00,226.86
72.4209,51.26,50.00,52.78,546.00,226.55
72.5616,50.38,50.00,52.78,547.00,226.86
72.7022,50.38,50.00,52.78,548.00,226.86
72.8429,48.52,47.22,50.00,549.00,227.53
72.9836,48.30,47.22,50.00,550.00,227.61
73.1242,48.61,47.22,50.00,551.00,227.50
73.2649,49.34,47.22,52.78,552.00,227.24
73.4055,48.96,47.22,52.78,553.00,227.37
73.5462,48.96,47.22,52.78,554.00,227.37
73.6869,48.36,47.22,50.00,555.00,227.59
73.8275,48.57,47.22,50.00,556.00,227.51
73.9682,48.30,47.22,50.00,557.00,227.61
74.1089,48.30,47.22,50.00,558.00,227.61
74.2495,48.30,47.22,50.00,559.00,227.61
74.3902,48.30,47.22,50.00,560.00,227.61
74.5308,48.30,47.22,50.00,561.00,227.61
74.6715,47.62,44.44,50.00,562.00,227.86
74.8122,47.17,44.44,50.00,563.00,228.02
74.9528,44.93,41.67,47.22,564.00,228.82
75.0935,43.06,41.67,44.44,565.00,229.50
75.2342,42.07,38.89,44.44,566.00,229.86
75.3748,39.88,36.11,44.44,567.00,230.64
75.5155,37.19,33.33,41.67,568.00,231.61
75.6561,31.03,25.00,36.11,569.00,233.83
75.7968,24.53,19.44,30.56,570.00,236.17
75.9375,18.39,13.89,22.22,571.00,238.38
76.0781,14.57,11.11,19.44,572.00,239.75
76.2188,11.60,8.33,16.67,573.00,240.82
76.3595,7.40,2.78,11.11,574.00,242.34
76.5001,5.96,2.78,8.33,575.00,242.85
76.6408,4.76,2.78,5.56,576.00,243.29
76.7815,4.76,2.78,5.56,577.00,243.29
76.9221,4.90,2.78,5.56,578.00,243.24
77.0628,5.02,2.78,5.56,579.00,243.19
77.2034,4.76,2.78,5.56,580.00,243.29
77.3441,4.76,2.78,5.56,581.00,243.29
77.4848,4.76,2.78,5.56,582.00,243.29
77.6254,4.76,2.78,5.56,583.00,243.29
77.7661,4.76,2.78,5.56,584.00,243.29
77.9068,4.80,2.78,5.56,585.00,243.27
78.0474,5.14,2.78,5.56,586.00,243.15
78.1881,4.76,2.78,5.56,587.00,243.29
78.3287,4.76,2.78,5.56,588.00,243.29
78.4694,4.76,2.78,5.56,589.00,243.29
78.6101,4.76,2.78,5.56,590.00,243.29
78.7507,4.76,2.78,5.56,591.00,243.29
78.8914,4.76,2.78,5.56,592.00,243.29
79.0321,5.56,5.56,5.56,593.00,243.00
79.1727,4.76,2.78,5.56,594.00,243.29
79.3134,4.76,2.78,5.56,595.00,243.29
79.4540,4.76,2.78,5.56,596.00,243.29
79.5947,4.76,2.78,5.56,597.00,243.29
79.7354,4.76,2.78,5.56,598.00,243.29
79.8760,4.76,2.78,5.56,599.00,243.29
80.0167,5.56,5.56,5.56,600.00,243.00
80.1574,4.76,2.78,5.56,601.00,243.29
80.2980,4.76,2.78,5.56,602.00,243.29
80.4387,4.76,2.78,5.56,603.00,243.29
80.5793,4.76,2.78,5.56,604.00,243.29
80.7200,4.76,2.78,5.56,605.00,243.29
80.8607,4.76,2.78,5.56,606.00,243.29
81.0013,5.56,5.56,5.56,607.00,243.00
81.1420,4.76,2.78,5.56,608.00,243.29
81.2827,4.76,2.78,5.56,609.00,243.29
81.4233,4.76,2.78,5.56,610.00,243.29
81.5640,4.76,2.78,5.56,611.00,243.29
81.7047,4.76,2.78,5.56,612.00,243.29
81.8453,4.76,2.78,5.56,613.00,243.29
81.9860,5.56,5.56,5.56,614.00,243.00
82.1266,4.76,2.78,5.56,615.00,243.29
82.2673,4.76,2.78,5.56,616.00,243.29
82.4080,4.76,2.78,5.56,617.00,243.29
82.5486,4.76,2.78,5.56,618.00,243.29
82.6893,4.76,2.78,5.56,619.00,243.29
82.8300,4.76,2.78,5.56,620.00,243.29
82.9706,5.56,5.56,5.56,621.00,243.00
83.1113,4.76,2.78,5.56,622.00,243.29
83.2519,4.76,2.78,5.56,623.00,243.29
83.3926,4.76,2.78,5.56,624.00,243.29
83.5333,4.76,2.78,5.56,625.00,243.29
83.6739,4.76,2.78,5.56,626.00,243.29
83.8146,4.76,2.78,5.56,627.00,243.29
83.9553,5.56,5.56,5.56,628.00,243.00
84.0959,4.79,2.78,5.56,629.00,243.28
84.2366,4.76,2.78,5.56,630.00,243.29
84.3772,4.76,2.78,5.56,631.00,243.29
84.5179,4.76,2.78,5.56,632.00,243.29
84.6586,4.76,2.78,5.56,633.00,243.29
84.7992,4.76,2.78,5.56,634.00,243.29
84.9399,5.02,2.78,5.56,635.00,243.19
85.0806,4.88,2.78,5.56,636.00,243.24
85.2212,4.76,2.78,5.56,637.00,243.29
85.3619,4.76,2.78,5.56,638.00,243.29
85.5025,4.76,2.78,5.56,639.00,243.29
85.6432,4.76,2.78,5.56,640.00,243.29
85.7839,4.76,2.78,5.56,641.00,243.29
85.9245,6.21,2.78,8.33,642.00,242.76
86.0652,10.09,5.56,13.89,643.00,241.37
86.2059,14.31,11.11,16.67,644.00,239.85
86.3465,17.79,13.89,22.22,645.00,238.59
86.4872,20.40,16.67,25.00,646.00,237.66
86.6279,25.12,22.22,27.78,647.00,235.96
86.7685,29.66,25.00,33.33,648.00,234.32
86.9092,33.04,30.56,36.11,649.00,233.11
87.0498,35.50,33.33,38.89,650.00,232.22
87.1905,38.63,36.11,41.67,651.00,231.09
87.3312,40.44,38.89,41.67,652.00,230.44
87.4718,42.92,41.67,44.44,653.00,229.55
87.6125,45.88,44.44,47.22,654.00,228.48
87.7532,48.11,44.44,50.00,655.00,227.68
87.8938,51.35,50.00,52.78,656.00,226.52
88.0345,52.14,50.00,52.78,657.00,226.23
88.1751,52.14,50.00,52.78,658.00,226.23
88.3158,51.39,50.00,52.78,659.00,226.50
88.4565,49.53,47.22,52.78,660.00,227.17
88.5971,48.32,47.22,50.00,661.00,227.60
88.7378,47.66,44.44,50.00,662.00,227.84
88.8785,44.66,41.67,47.22,663.00,228.92
89.0191,41.81,38.89,44.44,664.00,229.95
89.1598,36.35,30.56,41.67,665.00,231.91
89.3004,31.54,27.78,36.11,666.00,233.65
89.4411,25.51,19.44,30.56,667.00,235.81
89.5818,21.60,19.44,25.00,668.00,237.22
89.7224,19.38,16.67,22.22,669.00,238.02
89.8631,16.36,13.89,19.44,670.00,239.11
90.0038,14.24,11.11,16.67,671.00,239.87
90.1444,10.33,5.56,16.67,672.00,241.28
90.2851,6.01,2.78,8.33,673.00,242.84
90.4257,4.76,2.78,5.56,674.00,243.29
90.5664,4.76,2.78,5.56,675.00,243.29
90.7071,4.76,2.78,5.56,676.00,243.29
90.8477,4.76,2.78,5.56,677.00,243.29
90.9884,5.56,5.56,5.56,678.00,243.00
91.1291,4.76,2.78,5.56,679.00,243.29
91.2697,4.76,2.78,5.56,680.00,243.29
91.4104,4.76,2.78,5.56,681.00,243.29
91.5511,4.76,2.78,5.56,682.00,243.29
91.6917,4.76,2.78,5.56,683.00,243.29
91.8324,4.76,2.78,5.56,684.00,243.29
91.9730,5.56,5.56,5.56,685.00,243.00
92.1137,4.76,2.78,5.56,686.00,243.29
92.2544,4.76,2.78,5.56,687.00,243.29
92.3950,4.76,2.78,5.56,688.00,243.29
92.5357,4.76,2.78,5.56,689.00,243.29
92.6764,4.76,2.78,5.56,690.00,243.29
92.8170,4.76,2.78,5.56,691.00,243.29
92.9577,5.56,5.56,5.56,692.00,243.00
93.0983,4.78,2.78,5.56,693.00,243.28
93.2390,4.76,2.78,5.56,694.00,243.29
93.3797,4.76,2.78,5.56,695.00,243.29
93.5203,4.76,2.78,5.56,696.00,243.29
93.6610,4.76,2.78,5.56,697.00,243.29
93.8017,4.76,2.78,5.56,698.00,243.29
93.9423,5.05,2.78,5.56,699.00,243.18
94.0830,4.87,2.78,5.56,700.00,243.25
94.2236,4.76,2.78,5.56,701.00,243.29
94.3643,4.76,2.78,5.56,702.00,243.29
94.5050,4.76,2.78,5.56,703.00,243.29
94.6456,4.76,2.78,5.56,704.00,243.29
94.7863,4.76,2.78,5.56,705.00,243.29
94.9270,4.93,2.78,5.56,706.00,243.23
95.0676,4.98,2.78,5.56,707.00,243.21
95.2083,4.76,2.78,5.56,708.00,243.29
95.3489,4.76,2.78,5.56,709.00,243.29
95.4896,4.76,2.78,5.56,710.00,243.29
95.6303,4.76,2.78,5.56,711.00,243.29
95.7709,4.76,2.78,5.56,712.00,243.29
95.9116,4.82,2.78,5.56,713.00,243.26
96.0523,5.10,2.78,5.56,714.00,243.16
96.1929,4.76,2.78,5.56,715.00,243.29
96.3336,4.76,2.78,5.56,716.00,243.29
96.4743,4.76,2.78,5.56,717.00,243.29
96.6149,4.76,2.78,5.56,718.00,243.29
96.7556,4.76,2.78,5.56,719.00,243.29
96.8962,4.76,2.78,5.56,720.00,243.29
97.0369,5.56,5.56,5.56,721.00,243.00
97.1776,4.76,2.78,5.56,722.00,243.29
97.3182,4.76,2.78,5.56,723.00,243.29
97.4589,4.76,2.78,5.56,724.00,243.29
97.5996,4.76,2.78,5.56,725.00,243.29
97.7402,4.76,2.78,5.56,726.00,243.29
97.8809,4.76,2.78,5.56,727.00,243.29
98.0215,5.56,5.56,5.56,728.00,243.00
98.1622,4.76,2.78,5.56,729.00,243.29
98.3029,4.76,2.78,5.56,730.00,243.29
98.4435,4.76,2.78,5.56,731.00,243.29
98.5842,4.76,2.78,5.56,732.00,243.29
98.7249,4.76,2.78,5.56,733.00,243.29
98.8655,4.76,2.78,5.56,734.00,243.29
99.0062,5.56,5.56,5.56,735.00,243.00
99.1468,4.76,2.78,5.56,736.00,243.29
99.2875,4.76,2.78,5.56,737.00,243.29
99.4282,4.76,2.78,5.56,738.00,243.29
99.5688,4.76,2.78,5.56,739.00,243.29
99.7095,4.76,2.78,5.56,740.00,243.29
99.8502,4.76,2.78,5.56,741.00,243.29
99.9908,5.56,5.56,5.56,742.00,243.00
100.1315,4.76,2.78,5.56,743.00,243.29
100.2721,4.76,2.78,5.56,744.00,243.29
100.4128,4.76,2.78,5.56,745.00,243.29
100.5535,4.76,2.78,5.56,746.00,243.29
100.6941,4.76,2.78,5.56,747.00,243.29
100.8348,4.76,2.78,5.56,748.00,243.29
100.9755,5.56,5.56,5.56,749.00,243.00
101.1161,4.76,2.78,5.56,750.00,243.29
101.2568,4.76,2.78,5.56,751.00,243.29
101.3975,4.76,2.78,5.56,752.00,243.29
101.5381,4.76,2.78,5.56,753.00,243.29
101.6788,4.76,2.78,5.56,754.00,243.29
101.8194,4.76,2.78,5.56,755.00,243.29
101.9601,5.56,5.56,5.56,756.00,243.00
102.1008,4.76,2.78,5.56,757.00,243.29
102.2414,4.76,2.78,5.56,758.00,243.29
102.3821,4.76,2.78,5.56,759.00,243.29
102.5228,4.76,2.78,5.56,760.00,243.29
102.6634,4.76,2.78,5.56,761.00,243.29
102.8041,6.82,5.56,8.33,762.00,242.54
102.9447,7.37,5.56,8.33,763.00,242.35
103.0854,8.91,8.33,11.11,764.00,241.79
103.2261,9.72,8.33,11.11,765.00,241.50
103.3667,10.22,8.33,11.11,766.00,241.32
103.5074,9.72,8.33,11.11,767.00,241.50
103.6481,9.43,8.33,11.11,768.00,241.60
103.7887,7.68,5.56,11.11,769.00,242.23
103.9294,6.82,5.56,8.33,770.00,242.55
104.0700,6.99,5.56,8.33,771.00,242.48
104.2107,7.65,5.56,11.11,772.00,242.24
104.3514,8.91,8.33,11.11,773.00,241.79
104.4920,8.91,8.33,11.11,774.00,241.79
104.6327,8.91,8.33,11.11,775.00,241.79
104.7734,7.85,5.56,11.11,776.00,242.17
104.9140,6.82,5.56,8.33,777.00,242.55
105.0547,6.95,5.56,8.33,778.00,242.50
105.1953,7.57,5.56,11.11,779.00,242.28
105.3360,6.99,5.56,8.33,780.00,242.48
105.4767,8.77,8.33,11.11,781.00,241.84
105.6173,7.45,5.56,11.11,782.00,242.32
105.7580,6.97,5.56,8.33,783.00,242.49
105.8987,6.83,5.56,8.33,784.00,242.54
106.0393,7.29,5.56,8.33,785.00,242.38
106.1800,8.91,8.33,11.11,786.00,241.79
106.3207,8.91,8.33,11.11,787.00,241.79
106.4613,8.91,8.33,11.11,788.00,241.79
106.6020,8.91,8.33,11.11,789.00,241.79
106.7426,8.28,5.56,11.11,790.00,242.02
106.8833,6.87,5.56,8.33,791.00,242.53
107.0240,7.56,5.56,11.11,792.00,242.28
107.1646,6.92,5.56,8.33,793.00,242.51
107.3053,6.82,5.56,8.33,794.00,242.54
107.4460,6.82,5.56,8.33,795.00,242.54
107.5866,6.82,5.56,8.33,796.00,242.54
107.7273,6.79,5.56,8.33,797.00,242.56
107.8679,5.15,2.78,8.33,798.00,243.14
108.0086,5.56,5.56,5.56,799.00,243.00
108.1493,5.96,2.78,8.33,800.00,242.85
108.2899,4.76,2.78,5.56,801.00,243.29
108.4306,6.21,2.78,8.33,802.00,242.76
108.5713,6.22,2.78,8.33,803.00,242.76
108.7119,5.86,2.78,8.33,804.00,242.89
108.8526,4.76,2.78,5.56,805.00,243.29
108.9932,5.56,5.56,5.56,806.00,243.00
109.1339,4.76,2.78,5.56,807.00,243.29
109.2746,4.76,2.78,5.56,808.00,243.29
109.4152,4.76,2.78,5.56,809.00,243.29
109.5559,4.76,2.78,5.56,810.00,243.29
109.6966,4.76,2.78,5.56,811.00,243.29
109.8372,4.76,2.78,5.56,812.00,243.29
109.9779,5.56,5.56,5.56,813.00,243.00
110.1185,4.76,2.78,5.56,814.00,243.29
110.2592,4.76,2.78,5.56,815.00,243.29
110.3999,4.76,2.78,5.56,816.00,243.29
110.5405,4.76,2.78,5.56,817.00,243.29
110.6812,4.76,2.78,5.56,818.00,243.29
110.8219,4.76,2.78,5.56,819.00,243.29
110.9625,5.56,5.56,5.56,820.00,243.00
111.1032,4.76,2.78,5.56,821.00,243.29
111.2439,4.76,2.78,5.56,822.00,243.29
111.3845,4.76,2.78,5.56,823.00,243.29
111.5252,4.76,2.78,5.56,824.00,243.29
111.6658,4.76,2.78,5.56,825.00,243.29
111.8065,4.76,2.78,5.56,826.00,243.29
111.9472,5.07,2.78,5.56,827.00,243.17
112.0878,4.84,2.78,5.56,828.00,243.26
112.2285,4.76,2.78,5.56,829.00,243.29
112.3692,4.76,2.78,5.56,830.00,243.29
112.5098,4.76,2.78,5.56,831.00,243.29
112.6505,4.76,2.78,5.56,832.00,243.29
112.7911,4.76,2.78,5.56,833.00,243.29
112.9318,4.95,2.78,5.56,834.00,243.22
113.0725,4.95,2.78,5.56,835.00,243.22
113.2131,4.76,2.78,5.56,836.00,243.29
113.3538,4.76,2.78,5.56,837.00,243.29
113.4945,4.76,2.78,5.56,838.00,243.29
113.6351,4.76,2.78,5.56,839.00,243.29
113.7758,4.76,2.78,5.56,840.00,243.29
113.9164,4.85,2.78,5.56,841.00,243.25
114.0571,5.07,2.78,5.56,842.00,243.18
114.1978,4.76,2.78,5.56,843.00,243.29
114.3384,4.76,2.78,5.56,844.00,243.29
114.4791,4.76,2.78,5.56,845.00,243.29
114.6198,4.76,2.78,5.56,846.00,243.29
114.7604,4.76,2.78,5.56,847.00,243.29
114.9011,4.76,2.78,5.56,848.00,243.29
115.0417,5.56,5.56,5.56,849.00,243.00
115.1824,4.76,2.78,5.56,850.00,243.29
115.3231,4.76,2.78,5.56,851.00,243.29
115.4637,4.76,2.78,5.56,852.00,243.29
115.6044,4.76,2.78,5.56,853.00,243.29
115.7451,4.76,2.78,5.56,854.00,243.29
115.8857,4.76,2.78,5.56,855.00,243.29
116.0264,5.56,5.56,5.56,856.00,243.00
116.1671,4.76,2.78,5.56,857.00,243.29
116.3077,4.76,2.78,5.56,858.00,243.29
116.4484,4.76,2.78,5.56,859.00,243.29
116.5890,4.76,2.78,5.56,860.00,243.29
116.7297,4.76,2.78,5.56,861.00,243.29
116.8704,4.76,2.78,5.56,862.00,243.29
117.0110,5.56,5.56,5.56,863.00,243.00
117.1517,4.76,2.78,5.56,864.00,243.29
117.2924,4.76,2.78,5.56,865.00,243.29
117.4330,4.76,2.78,5.56,866.00,243.29
117.5737,4.76,2.78,5.56,867.00,243.29
117.7143,4.76,2.78,5.56,868.00,243.29
117.8550,4.76,2.78,5.56,869.00,243.29
117.9957,5.56,5.56,5.56,870.00,243.00
118.1363,4.76,2.78,5.56,871.00,243.29
118.2770,4.76,2.78,5.56,872.00,243.29
118.4177,4.76,2.78,5.56,873.00,243.29
118.5583,4.76,2.78,5.56,874.00,243.29
118.6990,4.76,2.78,5.56,875.00,243.29
118.8396,4.76,2.78,5.56,876.00,243.29
118.9803,5.56,5.56,5.56,877.00,243.00
119.1210,4.76,2.78,5.56,878.00,243.29
119.2616,4.76,2.78,5.56,879.00,243.29
119.4023,4.76,2.78,5.56,880.00,243.29
119.5430,4.76,2.78,5.56,881.00,243.29
119.6836,4.76,2.78,5.56,882.00,243.29
119.8243,4.76,2.78,5.56,883.00,243.29
119.9649,5.56,5.56,5.56,884.00,243.00
120.1056,4.76,2.78,5.56,885.00,243.29
120.2463,4.76,2.78,5.56,886.00,243.29
120.3869,4.76,2.78,5.56,887.00,243.29
120.5276,4.76,2.78,5.56,888.00,243.29
120.6683,4.76,2.78,5.56,889.00,243.29
120.8089,4.76,2.78,5.56,890.00,243.29
120.9496,5.10,2.78,5.56,891.00,243.16
121.0903,4.83,2.78,5.56,892.00,243.26
121.2309,4.76,2.78,5.56,893.00,243.29
121.3716,4.76,2.78,5.56,894.00,243.29
121.5122,4.76,2.78,5.56,895.00,243.29
121.6529,4.76,2.78,5.56,896.00,243.29
121.7936,4.76,2.78,5.56,897.00,243.29
121.9342,4.97,2.78,5.56,898.00,243.21
122.0749,4.93,2.78,5.56,899.00,243.22
122.2156,4.76,2.78,5.56,900.00,243.29
122.3562,4.76,2.78,5.56,901.00,243.29
122.4969,4.76,2.78,5.56,902.00,243.29
122.6375,4.76,2.78,5.56,903.00,243.29
122.7782,4.76,2.78,5.56,904.00,243.29
122.9189,4.87,2.78,5.56,905.00,243.25
123.0595,5.05,2.78,5.56,906.00,243.18
123.2002,4.76,2.78,5.56,907.00,243.29
123.3409,4.76,2.78,5.56,908.00,243.29
123.4815,4.76,2.78,5.56,909.00,243.29
123.6222,4.76,2.78,5.56,910.00,243.29
123.7628,4.76,2.78,5.56,911.00,243.29
123.9035,4.77,2.78,5.56,912.00,243.28
124.0442,5.56,5.56,5.56,913.00,243.00
124.1848,4.76,2.78,5.56,914.00,243.29
124.3255,4.76,2.78,5.56,915.00,243.29
124.4662,4.76,2.78,5.56,916.00,243.29
124.6068,4.76,2.78,5.56,917.00,243.29
124.7475,4.76,2.78,5.56,918.00,243.29
124.8881,4.76,2.78,5.56,919.00,243.29
125.0288,5.56,5.56,5.56,920.00,243.00
125.1695,4.68,2.78,5.56,921.00,243.32
125.3101,4.69,2.78,5.56,922.00,243.31
125.4508,4.69,2.78,5.56,923.00,243.31
125.5915,4.69,2.78,5.56,924.00,243.31
125.7321,4.69,2.78,5.56,925.00,243.31
125.8728,4.69,2.78,5.56,926.00,243.31
126.0135,5.56,5.56,5.56,927.00,243.00
126.1541,4.69,2.78,5.56,928.00,243.31
126.2948,4.69,2.78,5.56,929.00,243.31
126.4354,4.69,2.78,5.56,930.00,243.31
126.5761,4.69,2.78,5.56,931.00,243.31
126.7168,4.69,2.78,5.56,932.00,243.31
126.8574,4.69,2.78,5.56,933.00,243.31
126.9981,5.56,5.56,5.56,934.00,243.00
127.1388,4.69,2.78,5.56,935.00,243.31
127.2794,4.69,2.78,5.56,936.00,243.31
127.4201,4.69,2.78,5.56,937.00,243.31
127.5607,4.69,2.78,5.56,938.00,243.31
127.7014,4.69,2.78,5.56,939.00,243.31
127.8421,4.69,2.78,5.56,940.00,243.31
127.9827,5.56,5.56,5.56,941.00,243.00
128.1234,4.69,2.78,5.56,942.00,243.31
128.2641,4.69,2.78,5.56,943.00,243.31
128.4047,4.69,2.78,5.56,944.00,243.31
128.5454,4.69,2.78,5.56,945.00,243.31
128.6860,4.69,2.78,5.56,946.00,243.31
128.8267,4.69,2.78,5.56,947.00,243.31
128.9674,5.14,2.78,5.56,948.00,243.15
129.1080,4.69,2.78,5.56,949.00,243.31
129.2487,4.69,2.78,5.56,950.00,243.31
129.3894,4.69,2.78,5.56,951.00,243.31
129.5300,4.69,2.78,5.56,952.00,243.31
129.6707,4.69,2.78,5.56,953.00,243.31
129.8113,4.69,2.78,5.56,954.00,243.31
129.9520,5.01,2.78,5.56,955.00,243.20
130.0927,4.74,2.78,5.56,956.00,243.29
130.2333,4.69,2.78,5.56,957.00,243.31
130.3740,4.69,2.78,5.56,958.00,243.31
130.5147,4.69,2.78,5.56,959.00,243.31
130.6553,4.69,2.78,5.56,960.00,243.31
130.7960,4.69,2.78,5.56,961.00,243.31
130.9367,4.89,2.78,5.56,962.00,243.24
131.0773,4.83,2.78,5.56,963.00,243.26
131.2180,4.69,2.78,5.56,964.00,243.31
131.3586,4.69,2.78,5.56,965.00,243.31
131.4993,4.69,2.78,5.56,966.00,243.31
131.6400,4.69,2.78,5.56,967.00,243.31
131.7806,4.69,2.78,5.56,968.00,243.31
131.9213,4.79,2.78,5.56,969.00,243.27
132.0620,4.94,2.78,5.56,970.00,243.22
132.2026,4.69,2.78,5.56,971.00,243.31
132.3433,4.69,2.78,5.56,972.00,243.31
132.4839,4.69,2.78,5.56,973.00,243.31
132.6246,4.69,2.78,5.56,974.00,243.31
132.7653,4.69,2.78,5.56,975.00,243.31
132.9059,4.71,2.78,5.56,976.00,243.30
133.0466,5.05,2.78,5.56,977.00,243.18
133.1873,4.69,2.78,5.56,978.00,243.31
133.3279,4.69,2.78,5.56,979.00,243.31
133.4686,4.69,2.78,5.56,980.00,243.31
133.6092,4.69,2.78,5.56,981.00,243.31
133.7499,4.69,2.78,5.56,982.00,243.31
133.8906,4.69,2.78,5.56,983.00,243.31
134.0312,5.56,5.56,5.56,984.00,243.00
134.1719,4.69,2.78,5.56,985.00,243.31
134.3126,4.69,2.78,5.56,986.00,243.31
134.4532,4.69,2.78,5.56,987.00,243.31
134.5939,4.69,2.78,5.56,988.00,243.31
134.7345,4.69,2.78,5.56,989.00,243.31
134.8752,4.69,2.78,5.56,990.00,243.31
135.0159,5.56,5.56,5.56,991.00,243.00
135.1565,4.69,2.78,5.56,992.00,243.31
135.2972,4.69,2.78,5.56,993.00,243.31
135.4379,4.69,2.78,5.56,994.00,243.31
135.5785,4.69,2.78,5.56,995.00,243.31
135.7192,4.69,2.78,5.56,996.00,243.31
135.8599,4.69,2.78,5.56,997.00,243.31
136.0005,5.56,5.56,5.56,998.00,243.00
136.1412,4.69,2.78,5.56,999.00,243.31
136.2818,4.69,2.78,5.56,1000.00,243.31
136.4225,4.69,2.78,5.56,1001.00,243.31
136.5632,4.69,2.78,5.56,1002.00,243.31
136.7038,4.69,2.78,5.56,1003.00,243.31
136.8445,4.69,2.78,5.56,1004.00,243.31
136.9852,5.56,5.56,5.56,1005.00,243.00
137.1258,4.69,2.78,5.56,1006.00,243.31
137.2665,4.69,2.78,5.56,1007.00,243.31
137.4071,4.69,2.78,5.56,1008.00,243.31
137.5478,4.69,2.78,5.56,1009.00,243.31
137.6885,4.69,2.78,5.56,1010.00,243.31
137.8291,4.69,2.78,5.56,1011.00,243.31
137.9698,5.56,5.56,5.56,1012.00,243.00
138.1105,4.69,2.78,5.56,1013.00,243.31
138.2511,4.69,2.78,5.56,1014.00,243.31
138.3918,4.69,2.78,5.56,1015.00,243.31
138.5324,4.69,2.78,5.56,1016.00,243.31
138.6731,4.69,2.78,5.56,1017.00,243.31
138.8138,4.69,2.78,5.56,1018.00,243.31
138.9544,5.03,2.78,5.56,1019.00,243.19
139.0951,4.72,2.78,5.56,1020.00,243.30
139.2358,4.69,2.78,5.56,1021.00,243.31
139.3764,4.69,2.78,5.56,1022.00,243.31
139.5171,4.69,2.78,5.56,1023.00,243.31
139.6577,4.69,2.78,5.56,1024.00,243.31
139.7984,4.69,2.78,5.56,1025.00,243.31
139.9391,4.91,2.78,5.56,1026.00,243.23
140.0797,4.81,2.78,5.56,1027.00,243.27
140.2204,4.69,2.78,5.56,1028.00,243.31
140.3611,4.69,2.78,5.56,1029.00,243.31
140.5017,4.69,2.78,5.56,1030.00,243.31
140.6424,4.69,2.78,5.56,1031.00,243.31
140.7831,4.69,2.78,5.56,1032.00,243.31
140.9237,4.81,2.78,5.56,1033.00,243.27
141.0644,4.92,2.78,5.56,1034.00,243.23
141.2050,4.69,2.78,5.56,1035.00,243.31
141.3457,4.69,2.78,5.56,1036.00,243.31
141.4864,4.69,2.78,5.56,1037.00,243.31
141.6270,4.69,2.78,5.56,1038.00,243.31
141.7677,4.69,2.78,5.56,1039.00,243.31
141.9084,4.72,2.78,5.56,1040.00,243.30
142.0490,5.03,2.78,5.56,1041.00,243.19
142.1897,4.69,2.78,5.56,1042.00,243.31
142.3303,4.69,2.78,5.56,1043.00,243.31
142.4710,4.69,2.78,5.56,1044.00,243.31
142.6117,4.69,2.78,5.56,1045.00,243.31
142.7523,4.69,2.78,5.56,1046.00,243.31
142.8930,4.69,2.78,5.56,1047.00,243.31
143.0337,5.56,5.56,5.56,1048.00,243.00
143.1743,4.69,2.78,5.56,1049.00,243.31
143.3150,4.69,2.78,5.56,1050.00,243.31
143.4556,4.69,2.78,5.56,1051.00,243.31
143.5963,4.69,2.78,5.56,1052.00,243.31
143.7370,4.69,2.78,5.56,1053.00,243.31
143.8776,4.69,2.78,5.56,1054.00,243.31
144.0183,5.56,5.56,5.56,1055.00,243.00
144.1590,4.69,2.78,5.56,1056.00,243.31
144.2996,4.69,2.78,5.56,1057.00,243.31
144.4403,4.69,2.78,5.56,1058.00,243.31
144.5809,4.69,2.78,5.56,1059.00,243.31
144.7216,4.69,2.78,5.56,1060.00,243.31
144.8623,4.69,2.78,5.56,1061.00,243.31
145.0029,5.56,5.56,5.56,1062.00,243.00
145.1436,4.69,2.78,5.56,1063.00,243.31
145.2843,30.10,2.78,58.33,1064.00,234.16
145.4249,32.17,2.78,61.11,1065.00,233.42
145.5656,59.39,55.56,61.11,1066.00,223.62
145.7063,59.41,55.56,61.11,1067.00,223.61
145.8469,60.10,58.33,61.11,1068.00,223.37
145.9876,59.77,58.33,61.11,1069.00,223.48
146.1282,58.52,55.56,61.11,1070.00,223.93
146.2689,58.65,55.56,61.11,1071.00,223.89
146.4096,57.92,55.56,58.33,1072.00,224.15
146.5502,59.38,58.33,61.11,1073.00,223.62
146.6909,60.10,58.33,61.11,1074.00,223.37
146.8316,60.10,58.33,61.11,1075.00,223.37
146.9722,60.10,58.33,61.11,1076.00,223.37
147.1129,59.39,55.56,61.11,1077.00,223.62
147.2535,58.87,55.56,61.11,1078.00,223.81
147.3942,57.92,55.56,58.33,1079.00,224.15
147.5349,58.63,55.56,61.11,1080.00,223.89
147.6755,59.98,58.33,61.11,1081.00,223.41
147.8162,61.04,58.33,63.89,1082.00,223.02
147.9569,60.10,58.33,61.11,1083.00,223.37
148.0975,60.10,58.33,61.11,1084.00,223.37
148.2382,60.10,58.33,61.11,1085.00,223.37
148.3788,60.10,58.33,61.11,1086.00,223.37
148.5195,60.10,58.33,61.11,1087.00,223.37
148.6602,60.10,58.33,61.11,1088.00,223.37
148.8008,60.10,58.33,61.11,1089.00,223.37
148.9415,60.82,58.33,63.89,1090.00,223.10
149.0822,60.10,58.33,61.11,1091.00,223.37
149.2228,60.10,58.33,61.11,1092.00,223.37
149.3635,60.10,58.33,61.11,1093.00,223.37
149.5041,60.10,58.33,61.11,1094.00,223.37
149.6448,60.10,58.33,61.11,1095.00,223.37
149.7855,60.10,58.33,61.11,1096.00,223.37
149.9261,61.15,58.33,63.89,1097.00,222.99
150.0668,60.55,58.33,63.89,1098.00,223.20
150.2075,60.10,58.33,61.11,1099.00,223.37
150.3481,60.10,58.33,61.11,1100.00,223.37
150.4888,60.10,58.33,61.11,1101.00,223.37
150.6295,60.10,58.33,61.11,1102.00,223.37
150.7701,60.88,58.33,63.89,1103.00,223.08
150.9108,61.15,58.33,63.89,1104.00,222.99
151.0514,61.15,58.33,63.89,1105.00,222.99
151.1921,61.15,58.33,63.89,1106.00,222.99
151.3328,60.10,58.33,61.11,1107.00,223.37
151.4734,60.10,58.33,61.11,1108.00,223.37
151.6141,60.10,58.33,61.11,1109.00,223.37
151.7548,61.15,58.33,63.89,1110.00,222.99
151.8954,62.17,61.11,63.89,1111.00,222.62
152.0361,62.17,61.11,63.89,1112.00,222.62
152.1767,62.17,61.11,63.89,1113.00,222.62
152.3174,61.15,58.33,63.89,1114.00,222.99
152.4581,60.65,58.33,63.89,1115.00,223.17
152.5987,60.10,58.33,61.11,1116.00,223.37
152.7394,60.10,58.33,61.11,1117.00,223.37
152.8801,62.01,61.11,63.89,1118.00,222.68
153.0207,62.17,61.11,63.89,1119.00,222.62
153.1614,61.15,58.33,63.89,1120.00,222.99
153.3020,61.15,58.33,63.89,1121.00,222.99
153.4427,60.10,58.33,61.11,1122.00,223.37
153.5834,60.10,58.33,61.11,1123.00,223.37
153.7240,60.10,58.33,61.11,1124.00,223.37
153.8647,61.15,58.33,63.89,1125.00,222.99
154.0054,62.17,61.11,63.89,1126.00,222.62
154.1460,62.17,61.11,63.89,1127.00,222.62
154.2867,62.17,61.11,63.89,1128.00,222.62
154.4273,62.17,61.11,63.89,1129.00,222.62
154.5680,60.54,58.33,63.89,1130.00,223.20
154.7087,60.10,58.33,61.11,1131.00,223.37
154.8493,61.55,58.33,63.89,1132.00,222.84
154.9900,62.17,61.11,63.89,1133.00,222.62
155.1307,62.17,61.11,63.89,1134.00,222.62
155.2713,61.41,58.33,63.89,1135.00,222.89
155.4120,61.15,58.33,63.89,1136.00,222.99
155.5527,61.58,58.33,63.89,1137.00,222.83
155.6933,62.17,61.11,63.89,1138.00,222.62
155.8340,62.17,61.11,63.89,1139.00,222.62
155.9746,63.23,61.11,63.89,1140.00,222.24
156.1153,64.36,63.89,66.67,1141.00,221.83
156.2560,62.35,61.11,63.89,1142.00,222.55
156.3966,62.17,61.11,63.89,1143.00,222.62
156.5373,62.17,61.11,63.89,1144.00,222.62
156.6780,62.17,61.11,63.89,1145.00,222.62
156.8186,62.24,61.11,63.89,1146.00,222.59
156.9593,63.51,61.11,66.67,1147.00,222.14
157.0999,64.36,63.89,66.67,1148.00,221.83
157.2406,63.59,61.11,66.67,1149.00,222.11
157.3813,62.26,61.11,63.89,1150.00,222.59
157.5219,62.17,61.11,63.89,1151.00,222.62
157.6626,62.17,61.11,63.89,1152.00,222.62
157.8033,62.90,61.11,66.67,1153.00,222.36
157.9439,64.36,63.89,66.67,1154.00,221.83
158.0846,64.36,63.89,66.67,1155.00,221.83
158.2252,63.85,61.11,66.67,1156.00,222.01
158.3659,62.32,61.11,63.89,1157.00,222.57
158.5066,62.19,61.11,63.89,1158.00,222.61
158.6472,62.38,61.11,63.89,1159.00,222.54
158.7879,62.81,61.11,66.67,1160.00,222.39
158.9286,64.36,63.89,66.67,1161.00,221.83
159.0692,64.36,63.89,66.67,1162.00,221.83
159.2099,64.36,63.89,66.67,1163.00,221.83
159.3505,63.45,61.11,66.67,1164.00,222.16
159.4912,62.90,61.11,66.67,1165.00,222.36
159.6319,62.29,61.11,63.89,1166.00,222.58
159.7725,63.71,61.11,66.67,1167.00,222.06
159.9132,64.36,63.89,66.67,1168.00,221.83
160.0539,64.36,63.89,66.67,1169.00,221.83
160.1945,64.36,63.89,66.67,1170.00,221.83
160.3352,62.90,61.11,66.67,1171.00,222.36
160.4759,62.90,61.11,66.67,1172.00,222.36
160.6165,64.36,63.89,66.67,1173.00,221.83
160.7572,64.36,63.89,66.67,1174.00,221.83
160.8978,64.36,63.89,66.67,1175.00,221.83
161.0385,64.36,63.89,66.67,1176.00,221.83
161.1792,64.36,63.89,66.67,1177.00,221.83
161.3198,63.96,61.11,66.67,1178.00,221.97
161.4605,62.90,61.11,66.67,1179.00,222.36
161.6012,62.18,61.11,63.89,1180.00,222.62
161.7418,62.90,61.11,66.67,1181.00,222.36
161.8825,62.26,61.11,63.89,1182.00,222.59
162.0231,62.41,61.11,63.89,1183.00,222.53
162.1638,64.36,63.89,66.67,1184.00,221.83
162.3045,62.90,61.11,66.67,1185.00,222.36
162.4451,62.39,61.11,63.89,1186.00,222.54
162.5858,62.17,61.11,63.89,1187.00,222.62
162.7265,62.17,61.11,63.89,1188.00,222.62
162.8671,63.09,61.11,63.89,1189.00,222.29
163.0078,64.36,63.89,66.67,1190.00,221.83
163.1484,64.36,63.89,66.67,1191.00,221.83
163.2891,63.01,61.11,66.67,1192.00,222.31
163.4298,62.90,61.11,66.67,1193.00,222.36
163.5704,63.68,61.11,66.67,1194.00,222.07
163.7111,62.90,61.11,66.67,1195.00,222.36
163.8518,62.36,61.11,63.89,1196.00,222.55
163.9924,62.84,61.11,66.67,1197.00,222.38
164.1331,64.36,63.89,66.67,1198.00,221.83
164.2737,64.36,63.89,66.67,1199.00,221.83
164.4144,64.36,63.89,66.67,1200.00,221.83
164.5551,63.39,61.11,66.67,1201.00,222.18
164.6957,62.20,61.11,63.89,1202.00,222.61
164.8364,62.17,61.11,63.89,1203.00,222.62
164.9771,62.17,61.11,63.89,1204.00,222.62
165.1177,63.03,61.11,66.67,1205.00,222.31
165.2584,64.36,63.89,66.67,1206.00,221.83
165.3991,64.36,63.89,66.67,1207.00,221.83
165.5397,62.40,61.11,63.89,1208.00,222.54
165.6804,62.45,61.11,63.89,1209.00,222.52
165.8210,62.17,61.11,63.89,1210.00,222.62
165.9617,62.17,61.11,63.89,1211.00,222.62
166.1024,62.17,61.11,63.89,1212.00,222.62
166.2430,62.17,61.11,63.89,1213.00,222.62
166.3837,63.84,61.11,66.67,1214.00,222.02
166.5244,62.90,61.11,66.67,1215.00,222.36
166.6650,62.32,61.11,63.89,1216.00,222.57
166.8057,62.17,61.11,63.89,1217.00,222.62
166.9463,62.17,61.11,63.89,1218.00,222.62
167.0870,62.17,61.11,63.89,1219.00,222.62
167.2277,62.27,61.11,63.89,1220.00,222.58
167.3683,62.90,61.11,66.67,1221.00,222.36
167.5090,62.20,61.11,63.89,1222.00,222.61
167.6497,62.37,61.11,63.89,1223.00,222.55
167.7903,62.17,61.11,63.89,1224.00,222.62
167.9310,62.17,61.11,63.89,1225.00,222.62
168.0716,62.17,61.11,63.89,1226.00,222.62
168.2123,62.17,61.11,63.89,1227.00,222.62
168.3530,62.17,61.11,63.89,1228.00,222.62
168.4936,62.17,61.11,63.89,1229.00,222.62
168.6343,62.17,61.11,63.89,1230.00,222.62
168.7750,62.17,61.11,63.89,1231.00,222.62
168.9156,62.17,61.11,63.89,1232.00,222.62
169.0563,62.17,61.11,63.89,1233.00,222.62
169.1969,62.17,61.11,63.89,1234.00,222.62
169.3376,64.36,63.89,66.67,1235.00,221.83
169.4783,64.36,63.89,66.67,1236.00,221.83
169.6189,64.36,63.89,66.67,1237.00,221.83
169.7596,63.33,61.11,66.67,1238.00,222.20
169.9003,62.90,61.11,66.67,1239.00,222.36
170.0409,62.17,61.11,63.89,1240.00,222.62
170.1816,62.17,61.11,63.89,1241.00,222.62
170.3223,62.25,61.11,63.89,1242.00,222.59
170.4629,62.90,61.11,66.67,1243.00,222.36
170.6036,62.90,61.11,66.67,1244.00,222.36
170.7442,62.39,61.11,63.89,1245.00,222.54
170.8849,62.17,61.11,63.89,1246.00,222.62
171.0256,62.17,61.11,63.89,1247.00,222.62
171.1662,62.17,61.11,63.89,1248.00,222.62
171.3069,62.19,61.11,63.89,1249.00,222.61
171.4476,63.35,61.11,66.67,1250.00,222.20
171.5882,63.03,61.11,66.67,1251.00,222.31
171.7289,62.27,61.11,63.89,1252.00,222.58
171.8695,62.30,61.11,63.89,1253.00,222.57
172.0102,61.94,58.33,66.67,1254.00,222.70
172.1509,61.39,58.33,63.89,1255.00,222.90
172.2915,62.17,61.11,63.89,1256.00,222.62
172.4322,63.17,61.11,66.67,1257.00,222.26
172.5729,64.36,63.89,66.67,1258.00,221.83
172.7135,64.36,63.89,66.67,1259.00,221.83
172.8542,63.40,61.11,66.67,1260.00,222.17
172.9948,62.90,61.11,66.67,1261.00,222.36
173.1355,62.17,61.11,63.89,1262.00,222.62
173.2762,62.17,61.11,63.89,1263.00,222.62
173.4168,62.23,61.11,63.89,1264.00,222.60
173.5575,63.47,61.11,66.67,1265.00,222.15
173.6982,62.94,61.11,66.67,1266.00,222.34
173.8388,62.17,61.11,63.89,1267.00,222.62
173.9795,62.17,61.11,63.89,1268.00,222.62
174.1201,62.17,61.11,63.89,1269.00,222.62
174.2608,62.17,61.11,63.89,1270.00,222.62
174.4015,62.17,61.11,63.89,1271.00,222.62
174.5421,64.36,63.89,66.67,1272.00,221.83
174.6828,64.36,63.89,66.67,1273.00,221.83
